{
  "timestamp": "2026-05-06T19:55:03.436776",
  "views": {
    "API tokens": {
      "cv_f1": 0.9743539790020386,
      "mean_abs_coef": 0.0373753121847699,
      "jsd": 0.2334594850831001,
      "jaccard_top50": 0.47058823529411764
    },
    "Artifact tokens": {
      "cv_f1": 0.9640647776823581,
      "mean_abs_coef": 0.07428962183029465,
      "jsd": 0.22773642379076267,
      "jaccard_top50": 0.3698630136986301
    },
    "Behavioral counts": {
      "cv_f1": 0.4535891517223532,
      "mean_abs_coef": 3.126002618162457,
      "jsd": 0.1097836000481203,
      "jaccard_top50": null
    },
    "Static PE": {
      "cv_f1": 0.25102990420823407,
      "mean_abs_coef": 0.799993414510313,
      "jsd": 0.1823403610270238,
      "jaccard_top50": null
    }
  }
}