{
  "timestamp": "2026-03-21T18:36:41.828501",
  "uncalibrated": {
    "accuracy": 0.9559003674969375,
    "macro_f1": 0.8995734656286407,
    "ece": 0.10305972959803895
  },
  "sigmoid_calibrated": {
    "accuracy": 0.9335443037974683,
    "macro_f1": 0.9070578541343304,
    "ece": 0.033407253873766085
  }
}